,0,1,2,3,4,5,6,7,8,9,10,11,12,13,14,15,16,17,18,19,20,21,22,23,24,25,26,27,28,29,30,31,32,33,34,35,36,37,38,39,40
0,-0.005229890715704246,-0.00039800300454932063,0.07938169161470504,0.018256045494396092,0.06976873686105273,-0.03411604452200104,0.0021561668834932345,-0.007615839455815598,-0.019366392356487593,0.004955741910403772,0.20400937835069538,0.04888174973026616,0.24732525637534444,-0.0174758077543216,0.0064533306470742876,0.02698714596524694,-0.027909500000000004,0.00871129999999995,0.2600617000000002,0.05690400000000029,0.32919460000000034,0.008810000000000207,0.009039799999999987,0.05503010000000019,-4.6593489148580974e-05,1.4543071786310433e-05,0.0004341597662771288,9.499833055091868e-05,0.0005495736227045081,1.4707846410684818e-05,1.5091485809682782e-05,9.186994991652787e-05,-8.778580335735889,1.8983405132516453,97.35005881321916,23.175456990985687,112.71925262234835,-13.817937006128844,3.0080457355283663,9.244175444935646,15.4
1,-0.0036175971824734103,-0.0004413190417888019,0.023246188017429715,0.008550562070944906,0.024812303162555782,0.012469837828502884,0.00090602478916222,-0.00420227421432832,-0.016027829048960846,0.006833136770731961,0.10550458419264991,0.019393963159538473,0.1173356892452513,0.04056686661816286,0.003720641451106236,0.038325398622891985,-0.02399749999999999,0.010683600000000015,0.1467137999999999,0.01972440000000031,0.16364399999999946,0.06620689999999985,0.005490200000000028,0.06959270000000006,-4.00626043405676e-05,1.783572621035061e-05,0.00024493121869782953,3.29288814691157e-05,0.00027319532554257006,0.00011052904841402311,9.165609348914906e-06,0.00011618146911519209,-7.122652306079021,2.639649099935024,46.77771438054591,9.457835478004371,51.814914330611664,18.687610762965726,1.6667164382749373,14.45490825629113,15.0
2,0.006360506022726614,0.03443879517887691,0.884567889668798,0.01998642724367103,0.7024461372537613,0.3164702844520615,0.04115603610230444,0.20435559423495037,0.005608025184971074,0.07699618192881695,2.0587157398109515,0.0899310671921671,1.7895753367044345,0.8548558833146005,0.11495422515923151,0.6712921259900715,-0.001183400000000015,0.09013890000000002,2.3347053,0.13343310000000042,1.9942047999999994,1.0024763999999995,0.13941579999999998,0.8368254999999998,-1.975626043405701e-06,0.00015048230383973293,0.0038976716193656093,0.00022275976627712923,0.0033292233722871443,0.001673583305509181,0.00023274757929883134,0.0013970375626043401,3.5159029785337497,37.64116235730218,999.23252120814,39.902995775601056,855.3222597325256,404.7351720162526,54.14318938415349,308.9695564930187,15.4
3,-0.0031417025484798272,0.013478558215461489,0.08668368511458421,-0.005763168594547469,0.04014043258326497,0.015972822717745232,0.00014990904503332138,0.0033316440304904126,-0.018724642241143508,0.025657024834693856,0.18361675712943357,0.0001867054973262,0.15982608376741417,0.07687895815129117,0.004955441287891664,0.024539641544065488,-0.026495799999999986,0.03136119999999998,0.22676050000000025,0.006081599999999909,0.21818099999999996,0.1199551999999997,0.008547000000000013,0.04526640000000004,-4.423338898163604e-05,5.235592654424036e-05,0.0003785651085141907,1.0152921535893004e-05,0.00036424207011686135,0.00020025909849749534,1.4268781302170306e-05,7.55699499165276e-05,-8.104949506153364,12.942840976969851,90.67005962469025,-1.080992319979014,71.84942952361861,33.88617020406553,2.0078848241633294,10.45955222372428,15.1
4,0.0020869060688762865,0.009515933171444821,0.005678051494636413,0.009424691088281744,0.024613718883947887,0.17963852184680398,0.003530685760471093,0.03315740845962902,0.002288181190007023,0.040199698602466506,0.06743655812613165,0.029392471010558297,0.13766830305596403,0.590796368262434,0.013150639418590295,0.13926398041830323,-0.0018407999999999897,0.052104399999999995,0.09750250000000027,0.03658819999999996,0.19375609999999943,0.7885021999999995,0.01840899999999998,0.1727825999999999,-3.0731218697829544e-06,8.698564273789648e-05,0.00016277545909849795,6.108213689482464e-05,0.0003234659432387303,0.0013163642737896485,3.073288814691149e-05,0.0002884517529215357,1.3335740897780677,17.957013875275543,28.061482299379918,13.623632521879667,59.89318694917515,271.8520005743344,5.957188419530336,62.25068255924709,15.0
5,0.006638084498051967,0.028600377304013165,0.7950757120969062,0.056260902539388855,0.6219976517136881,0.3409089405457696,0.04338179663293444,0.19129151063630548,0.006485133616138098,0.07174631135692805,2.0205587426960223,0.29192497651425026,1.712907609224472,0.8892359174129058,0.11943077266629423,0.6643619951680444,-0.0010189000000000031,0.08438559999999995,2.3314186,0.3787675000000006,1.9406209999999995,1.0166449000000006,0.1421117,0.8301194999999999,-1.701001669449087e-06,0.0001408774624373956,0.003892184641068448,0.0006323330550918207,0.0032397679465776285,0.0016972368948247089,0.00023724824707846412,0.0013858422370617695,3.922179796065634,34.37640720357387,966.0729301977908,127.83278736357789,808.5922635325256,423.3678326243161,56.377612543104604,303.588040444479,15.4
6,0.008413007862057923,0.09412270066223519,2.2120887017923523,0.0058991941146266345,1.4694258566841316,0.3590457218853668,0.10522071270777188,0.5812155219567835,-0.0001534761625535344,0.18618599892017845,3.091967242493549,0.04814105070550581,2.5842800208976087,0.876481526793448,0.2274993001860091,1.5613033644890655,-0.004997000000000015,0.21509069999999997,3.105721,0.08264380000000005,2.7104886999999995,0.9996824999999996,0.2599952,1.8518270999999995,-8.342237061769641e-06,0.0003590829716193656,0.00518484307178631,0.00013796961602671127,0.00452502287145242,0.0016689190317195318,0.0004340487479131886,0.0030915310517529208,1.6237096073901711,93.1913943505184,1677.6517768558897,20.394937205127647,1326.2419353458695,421.9019138444527,111.91386501595812,739.8385366369826,15.4
7,0.005410337484939218,0.027278070520009908,0.15818768482320256,0.03939691799510055,0.16644286235296624,0.3241105925091333,0.027931999645245013,0.08801906086841982,0.0015332601099500604,0.06601366167904384,0.49090681378406287,0.08304964831772278,0.6705390248187568,0.8501682703334389,0.09630906258747735,0.29164534067127645,-0.005292599999999981,0.07860059999999996,0.6630564000000001,0.10006680000000046,0.8879114999999995,1.0382433000000002,0.1280749,0.36841229999999925,-8.835726210350551e-06,0.0001312196994991652,0.0011069388981636062,0.0001670564273789657,0.001482323038397328,0.0017332943238731221,0.00021381452420701167,0.0006150455759599319,1.6980178409678675,31.821778475619517,227.66873427826576,41.0492095261092,301.060226648096,404.3703049852022,44.045987514039965,134.07774229219456,15.4
8,-0.004334183202122681,0.00300508075540839,0.06729907578633952,0.008814168321863046,0.07869867424528575,0.012127101542615891,0.0007874209339045851,0.0007324022015700072,-0.016680245925745303,0.010331560765449688,0.23566886249683333,0.02451044587646856,0.3607456342960418,0.04258453738748365,0.009586794848863236,0.09553891048957336,-0.02347150000000002,0.014201199999999997,0.34056839999999966,0.028764299999999743,0.49799949999999993,0.06725910000000024,0.015351699999999989,0.1615068999999998,-3.918447412353927e-05,2.370818030050083e-05,0.000568561602671118,4.802053422370575e-05,0.0008313848080133555,0.0001122856427378969,2.5628881469115174e-05,0.0002696275459098494,-7.527199260722657,4.726539857261555,107.55707595600123,11.552629864960034,159.78898881747384,19.42560571351665,3.984526276326211,38.281291186143335,15.7
9,-0.004334183202122681,0.00300508075540839,0.06729907578633952,0.008814168321863046,0.07869867424528575,0.012127101542615891,0.0007874209339045851,0.0007324022015700072,-0.016680245925745303,0.010331560765449688,0.23566886249683333,0.02451044587646856,0.3607456342960418,0.04258453738748365,0.009586794848863236,0.09553891048957336,-0.02347150000000002,0.014201199999999997,0.34056839999999966,0.028764299999999743,0.49799949999999993,0.06725910000000024,0.015351699999999989,0.1615068999999998,-3.918447412353927e-05,2.370818030050083e-05,0.000568561602671118,4.802053422370575e-05,0.0008313848080133555,0.0001122856427378969,2.5628881469115174e-05,0.0002696275459098494,-7.527199260722657,4.726539857261555,107.55707595600123,11.552629864960034,159.78898881747384,19.42560571351665,3.984526276326211,38.281291186143335,15.7
10,0.0025187975742971026,0.016595833068145063,0.41181879666991833,0.024062814495544985,0.4534677410767622,0.21936458689533045,0.0250977068834372,0.11068803024815138,0.0012229462475306584,0.05266272558745833,1.4596319246576934,0.17725449700783244,1.45117161752009,0.7080123056213868,0.08423414905057243,0.44497394406054464,-0.004569200000000009,0.06512209999999999,1.8157307999999996,0.2915215,1.7071525999999997,0.8693057000000008,0.10752899999999999,0.5891243000000002,-7.628046744574306e-06,0.00010871803005008346,0.003031270116861435,0.0004866803005008347,0.002850004340567612,0.00145126160267112,0.0001795141903171953,0.0009835130217028384,0.995222613871684,24.351695798612347,665.3086637970614,75.56860095224198,670.308618923388,326.643186777621,38.659436496916435,199.83262152384816,15.0
11,-0.004334183202122681,0.00300508075540839,0.06729907578633952,0.008814168321863046,0.07869867424528575,0.012127101542615891,0.0007874209339045851,0.0007324022015700072,-0.016680245925745303,0.010331560765449688,0.23566886249683333,0.02451044587646856,0.3607456342960418,0.04258453738748365,0.009586794848863236,0.09553891048957336,-0.02347150000000002,0.014201199999999997,0.34056839999999966,0.028764299999999743,0.49799949999999993,0.06725910000000024,0.015351699999999989,0.1615068999999998,-3.918447412353927e-05,2.370818030050083e-05,0.000568561602671118,4.802053422370575e-05,0.0008313848080133555,0.0001122856427378969,2.5628881469115174e-05,0.0002696275459098494,-7.527199260722657,4.726539857261555,107.55707595600123,11.552629864960034,159.78898881747384,19.42560571351665,3.984526276326211,38.281291186143335,15.7
12,-0.004334183202122681,0.00300508075540839,0.06729907578633952,0.008814168321863046,0.07869867424528575,0.012127101542615891,0.0007874209339045851,0.0007324022015700072,-0.016680245925745303,0.010331560765449688,0.23566886249683333,0.02451044587646856,0.3607456342960418,0.04258453738748365,0.009586794848863236,0.09553891048957336,-0.02347150000000002,0.014201199999999997,0.34056839999999966,0.028764299999999743,0.49799949999999993,0.06725910000000024,0.015351699999999989,0.1615068999999998,-3.918447412353927e-05,2.370818030050083e-05,0.000568561602671118,4.802053422370575e-05,0.0008313848080133555,0.0001122856427378969,2.5628881469115174e-05,0.0002696275459098494,-7.527199260722657,4.726539857261555,107.55707595600123,11.552629864960034,159.78898881747384,19.42560571351665,3.984526276326211,38.281291186143335,15.7
13,0.0022745365413852775,-0.0002781023286973791,0.11646653697085574,0.009322170708789893,0.19894568298852747,0.19053639920453982,0.008042386146874823,0.03148692666168473,0.005323489199033827,0.02757660113215185,0.3759624816486432,0.02780750258267592,0.5802271012515682,0.5320676681339639,0.02660924654568294,0.15373281665082725,0.002531600000000009,0.03698290000000001,0.47768330000000014,0.03579920000000003,0.7163777999999998,0.7011904999999998,0.0349116,0.19802920000000013,4.2263772954925024e-06,6.174106844741237e-05,0.0007974679465776296,5.976494156928219e-05,0.0011959562604340565,0.0011706018363939897,5.828313856427379e-05,0.0003305996661101838,2.5830371878905845,10.956528537121272,173.43945840362838,12.969535574828333,271.52178819833273,250.58375184449324,12.234720047648143,67.69149739266788,17.0
14,0.02478824718959517,0.027588037805190875,0.5101211372293872,0.011331680615509869,0.538387266196465,0.3866262116590379,0.030206828855868947,0.2125143804537688,0.03991208264119628,0.0615437787009803,1.4458348860396524,0.021805691374364295,1.4430809194095269,0.8469759880853495,0.08010354373613694,0.442884892886817,0.027383300000000027,0.07202500000000002,1.7749681000000004,0.023537499999999767,1.6852601000000003,0.9605633000000005,0.09838980000000001,0.4907012999999998,4.5715025041736275e-05,0.00012024207011686147,0.002963218864774625,3.929465776293784e-05,0.002813455926544241,0.0016036115191986652,0.00016425676126878132,0.0008192008347245405,20.908790844397537,30.099106541430302,679.4706978117385,10.976843922847692,684.0671909531038,415.63535591594757,38.033588365628546,219.41148259548058,15.9
15,0.011230378613969744,0.03455034995619219,0.689644812132056,0.023702406464940737,0.6503499354463489,0.42195925307155313,0.04185714372624003,0.2217822633136511,0.01020315588803909,0.0774939499856697,1.706883957379149,0.09583381885021595,1.5799929498708778,0.9430587710209634,0.10263348793384602,0.6454089571179822,0.002761500000000014,0.08859349999999999,2.0282582,0.12814060000000005,1.7958126,1.0565863999999996,0.12462289999999995,0.7857403000000003,4.610183639399022e-06,0.0001479023372287145,0.003386073789649415,0.00021392420701168622,0.0029980176961602674,0.0017639171953255418,0.00020805158597662763,0.0013117534223706182,6.325957328009584,37.86335323550632,819.6684162780712,43.00993853307454,761.1692607376202,461.087065822696,49.36251246878639,302.12716535992286,15.4
16,0.0009614011630213353,0.017054953259878526,0.05360835089175259,0.001265905887057176,0.04173510896856231,0.1314427553395422,0.0018011594251589025,0.01629642750138739,-0.002949179304508417,0.04680283852322693,0.14225510639167224,0.01324960948267807,0.18065390474497175,0.4722633629908519,0.009863713134314887,0.0792854751834725,-0.007330599999999993,0.05828450000000007,0.18034339999999982,0.020677299999999788,0.24500539999999993,0.6483956000000002,0.015187200000000026,0.10016529999999979,-1.2238063439065096e-05,9.730300500834736e-05,0.00030107412353923177,3.451969949916492e-05,0.0004090240400667778,0.0010824634390651088,2.535425709515864e-05,0.0001672208681135222,-0.9837261891991002,22.102983811266473,67.53354103501943,5.542686320482661,80.48608099170114,214.86969846424927,4.298123538757734,34.92339292366648,15.0
17,-0.0031417025484798272,0.013478558215461489,0.08668368511458421,-0.005763168594547469,0.04014043258326497,0.015972822717745232,0.00014990904503332138,0.0033316440304904126,-0.018724642241143508,0.025657024834693856,0.18361675712943357,0.0001867054973262,0.15982608376741417,0.07687895815129117,0.004955441287891664,0.024539641544065488,-0.026495799999999986,0.03136119999999998,0.22676050000000025,0.006081599999999909,0.21818099999999996,0.1199551999999997,0.008547000000000013,0.04526640000000004,-4.423338898163604e-05,5.235592654424036e-05,0.0003785651085141907,1.0152921535893004e-05,0.00036424207011686135,0.00020025909849749534,1.4268781302170306e-05,7.55699499165276e-05,-8.104949506153364,12.942840976969851,90.67005962469025,-1.080992319979014,71.84942952361861,33.88617020406553,2.0078848241633294,10.45955222372428,15.1
18,0.011245904672333386,0.02043026211529935,0.6965533206524319,-0.0012988713276406584,0.26007423658903117,0.5521465140361097,0.021463855703599686,0.12174893442035872,0.01701015480292314,0.04671850946168954,1.3767163340280029,0.015206494370708184,0.8953906229241801,1.1634000729468865,0.056031100468669465,0.30800677495365947,0.010782500000000028,0.054306800000000016,1.5359455000000002,0.026002800000000104,1.1428792,1.2996207999999996,0.07008589999999998,0.3558218000000004,1.800083472454095e-05,9.066243739565945e-05,0.0025641828046744576,4.341035058430735e-05,0.001907978631051753,0.002169650751252086,0.00011700484140233719,0.0005940263772954931,9.047851605635934,22.746302807735695,689.2292249916875,5.80982208275514,409.5996568874782,575.1395215859768,26.670168378187718,147.37458596553566,15.9
19,-0.004334183202122681,0.00300508075540839,0.06729907578633952,0.008814168321863046,0.07869867424528575,0.012127101542615891,0.0007874209339045851,0.0007324022015700072,-0.016680245925745303,0.010331560765449688,0.23566886249683333,0.02451044587646856,0.3607456342960418,0.04258453738748365,0.009586794848863236,0.09553891048957336,-0.02347150000000002,0.014201199999999997,0.34056839999999966,0.028764299999999743,0.49799949999999993,0.06725910000000024,0.015351699999999989,0.1615068999999998,-3.918447412353927e-05,2.370818030050083e-05,0.000568561602671118,4.802053422370575e-05,0.0008313848080133555,0.0001122856427378969,2.5628881469115174e-05,0.0002696275459098494,-7.527199260722657,4.726539857261555,107.55707595600123,11.552629864960034,159.78898881747384,19.42560571351665,3.984526276326211,38.281291186143335,15.7
20,0.0034465909109913594,0.010210885712912543,-0.016933574112355007,0.015689836251347195,0.035192252994539534,0.2809393998057917,0.006310645546464397,0.04790114683516076,0.007820833760025913,0.01634642774116083,0.01477361763048078,0.04172450087452319,0.2156387166425024,0.8047894333226172,0.022419246464715964,0.18103306755344373,0.011933199999999991,0.011078400000000016,0.03662120000000013,0.047436500000000326,0.32005550000000005,1.0298595000000004,0.0310323,0.24579439999999975,1.9921869782971603e-05,1.8494824707846437e-05,6.113722871452443e-05,7.919282136894879e-05,0.0005343163606010017,0.0017192979966611024,5.180684474123539e-05,0.0004103412353923201,3.8116850862086387,8.575209039046836,2.5044216297213078,19.804049350078714,93.13390950590889,377.5887235402052,10.21431154517927,81.87055918840962,15.1
21,0.002449378302499267,0.02909258370480715,0.8822890220741987,0.06643311708641306,0.7194011873283792,0.32789008922290075,0.11302672917978797,0.17134858444395756,-0.0005109587304023695,0.0785953508877483,1.774478047299293,0.11203038051586967,1.6039782102948286,0.7457020287611413,0.229559727052556,0.5427887301658493,-0.006640099999999996,0.09441219999999995,2.0591615,0.12432769999999982,1.8299358000000006,0.8582607999999996,0.2691013,0.6826831000000004,-1.1085308848080126e-05,0.00015761636060100158,0.0034376652754590986,0.00020755876460767917,0.0030549846410684485,0.0014328227045075118,0.000449250918196995,0.0011397046744574299,0.2888122183389046,37.20945099606073,885.2194425845566,58.0366117736305,784.5565536836071,363.4296989490368,114.29468600697994,251.0438674051313,15.4
22,-0.003203867369700717,0.00015139447656336416,0.05509925904090035,0.016713398759751374,0.06749653894441425,0.008109789848147602,0.0016593211880098057,-0.006389153539893972,-0.01514311403195137,0.005258003762415115,0.16498711462340507,0.05634081838261598,0.20462112559543658,0.054352433706401956,0.0045851761087458585,0.030586734286524808,-0.0228796,0.009368700000000008,0.215847,0.0736696999999995,0.2642693999999999,0.09109229999999968,0.0068050000000000055,0.05775829999999993,-3.819632721202003e-05,1.5640567612687825e-05,0.00036034557595993326,0.000122987813021702,0.00044118430717863085,0.00015207395659432333,1.1360601001669458e-05,9.642454090150239e-05,-6.68657928672069,2.1287960502787184,76.90677415754202,25.842172254996683,95.21562332705753,23.317385302190296,2.162532181100304,10.927983856631123,14.8
23,-0.003124876619351499,-0.007514560666599762,0.11782097113467913,0.00815599720946427,0.04277525822325066,0.025091879795193974,0.0012284566814247577,-0.0020898539416967146,-0.014246811472404775,0.00045107182045718694,0.33072367763926463,0.01816055872266188,0.16986966873256848,0.07107670352225393,0.005804910703406071,0.028378886718875826,-0.022551199999999993,0.00529240000000003,0.3946120000000002,0.02103900000000003,0.23484819999999984,0.10581979999999969,0.008974300000000004,0.04668019999999995,-3.7648080133555915e-05,8.835392320534274e-06,0.0006587846410684477,3.5123539232053475e-05,0.0003920671118530882,0.0001766607679465771,1.4982136894824715e-05,7.793021702838054e-05,-6.3124243128322055,-1.325129605137076,155.65635928264172,8.8849034309576,76.38549503767754,33.39614746794036,2.5631684676473796,10.910243799210985,15.3
24,0.002107769848247407,-0.002542952475062819,0.05045005581121675,0.0075593290150236326,0.2264475231083743,0.4040792818446866,0.01383559533389324,0.08065838220308906,0.012935816807685257,0.019152339813844513,0.4456815189540766,0.031855287206239806,0.862137148220472,0.936024297164519,0.04281307839452685,0.29727583408534686,0.008809799999999993,0.02547669999999999,0.6134831999999998,0.05401100000000003,1.0739424,1.1111231999999998,0.053057799999999974,0.34868770000000016,1.4707512520868102e-05,4.2532053422370604e-05,0.0010241789649415689,9.016861435726216e-05,0.0017928921535893155,0.0018549636060100163,8.857729549248744e-05,0.0005821163606010019,5.591475792723585,7.139607080525245,188.05587714387408,14.226975185500638,389.607392709864,454.6700136347445,19.865821524589393,134.86766622475648,16.1
25,0.00587511839350974,0.0028653776629203685,0.0036056610997485463,0.0002883993749589953,0.10417463199408114,0.30927179705318975,0.0069799655072404635,0.07404210582284097,0.014332438441687008,0.03946448424370003,0.1968650698147097,0.0248283147728808,0.42787055197105595,0.864463367376718,0.026534163456748496,0.2399734966290792,0.010256700000000007,0.04973750000000002,0.29004149999999995,0.04940880000000014,0.578112,1.085679,0.035963300000000004,0.2778126999999999,1.7123038397328894e-05,8.303422370617699e-05,0.0004842095158597662,8.248547579298855e-05,0.0009651285475792987,0.0018124858096828047,6.003889816360601e-05,0.00046379415692821355,6.902870705376749,16.33400048006408,79.32213939583362,9.964301384144116,191.69409118723857,407.096866861325,11.991676834147494,110.65891346619998,17.1
26,0.011409708378200354,0.03161079002241296,0.13575116456233527,0.015424229944204854,0.1414418360988188,0.27210735387531815,0.007899058278320352,0.09423981150273386,0.008019910761239096,0.06262219453136673,0.2938048031675532,0.045289062691306885,0.4276166561673721,0.7742434065664833,0.023914550614943627,0.18392239077761072,0.0020710999999999924,0.07314320000000005,0.3757426999999999,0.05789000000000022,0.5587169999999999,0.9695039000000003,0.0317229,0.2054260000000001,3.457595993322191e-06,0.00012210884808013363,0.0006272833055091817,9.664440734557633e-05,0.0009327495826377294,0.001618537395659433,5.295976627712855e-05,0.0003429482470784643,5.488870430135712,31.3344642170293,144.48428282948828,21.171526065363732,199.0556711867128,363.6340814516571,11.129770451641527,92.31420561159109,16.9
27,0.002234825095118726,0.023762950215193923,0.6309355080648994,0.014954452328790037,0.07372165611139127,0.1904985987272624,0.003760805842575382,0.030136114601778178,-0.0018010114240178277,0.051102629617576965,1.0549120656550215,0.06649750329544957,0.2327472029799975,0.5438234556218111,0.012483197357711464,0.10188173433886495,-0.006311599999999987,0.06124280000000004,1.1064204999999998,0.10381419999999997,0.2997398000000002,0.7252868000000003,0.0175873,0.12353819999999982,-1.0536894824707824e-05,0.00010224173622704515,0.0018471126878130213,0.00017331252086811346,0.0005004003338898167,0.0012108293823038403,2.9361101836393992e-05,0.0002062407345575957,-0.2702837505833857,25.163020490069577,547.5987176249885,29.53798468393785,107.69334251427725,255.26645859417704,5.736646461599663,46.71814755590165,14.8
28,0.0034465909109913594,0.010210885712912543,-0.016933574112355007,0.015689836251347195,0.035192252994539534,0.2809393998057917,0.006310645546464397,0.04790114683516076,0.007820833760025913,0.01634642774116083,0.01477361763048078,0.04172450087452319,0.2156387166425024,0.8047894333226172,0.022419246464715964,0.18103306755344373,0.011933199999999991,0.011078400000000016,0.03662120000000013,0.047436500000000326,0.32005550000000005,1.0298595000000004,0.0310323,0.24579439999999975,1.9921869782971603e-05,1.8494824707846437e-05,6.113722871452443e-05,7.919282136894879e-05,0.0005343163606010017,0.0017192979966611024,5.180684474123539e-05,0.0004103412353923201,3.8116850862086387,8.575209039046836,2.5044216297213078,19.804049350078714,93.13390950590889,377.5887235402052,10.21431154517927,81.87055918840962,15.1
29,0.005134859821321482,0.03328644911219077,0.7007759276539091,0.013894251114426987,0.7040736455849387,0.26286024346316383,0.038548720073985715,0.18955615024668251,0.002572213345544781,0.07720999026626171,1.9563366727523113,0.08028635569566368,1.8045436563798296,0.7578399267540612,0.11336537473695857,0.6353309524569986,-0.003451799999999977,0.09198009999999998,2.3141591,0.13928490000000027,2.0344747000000005,0.9108907999999998,0.14135549999999997,0.8131896999999995,-5.7626043405675745e-06,0.00015355609348914856,0.0038633707846410683,0.00023252904841402383,0.003396451919866445,0.0015206858096828042,0.0002359858096828046,0.0013575787979966602,2.057583202482208,37.49529587894284,921.5327750817066,34.82375005115087,861.6149543189194,355.25257399425686,52.985216159580574,291.63701618213605,15.0
30,-0.00010033163344728306,-0.016992701335872003,-0.04154258004206916,0.006522983573631918,0.13713046186922756,0.38977063932387745,0.008927529376615376,0.04149520257892802,0.020266242015770385,0.003913352666725156,0.16011078068501558,0.03663689507117768,0.5641574310425412,0.9174509920956336,0.029879271805679588,0.2482099744329549,0.016502399999999987,0.012656400000000012,0.2763332999999999,0.06400470000000036,0.7533603000000009,1.109644,0.0398095,0.27192850000000013,2.7549916527545888e-05,2.1129215358931572e-05,0.00046132437395659414,0.00010685258764607739,0.0012576966611018378,0.0018524941569282138,6.645993322203672e-05,0.00045397078464106864,8.078179279618704,-1.8395274004843374,55.597629615592425,15.927352393197447,252.71238464086184,444.37970270302924,13.717309847594906,107.44706603896758,16.1
31,0.002449378302499267,0.02909258370480715,0.8822890220741987,0.06643311708641306,0.7194011873283792,0.32789008922290075,0.11302672917978797,0.17134858444395756,-0.0005109587304023695,0.0785953508877483,1.774478047299293,0.11203038051586967,1.6039782102948286,0.7457020287611413,0.229559727052556,0.5427887301658493,-0.006640099999999996,0.09441219999999995,2.0591615,0.12432769999999982,1.8299358000000006,0.8582607999999996,0.2691013,0.6826831000000004,-1.1085308848080126e-05,0.00015761636060100158,0.0034376652754590986,0.00020755876460767917,0.0030549846410684485,0.0014328227045075118,0.000449250918196995,0.0011397046744574299,0.2888122183389046,37.20945099606073,885.2194425845566,58.0366117736305,784.5565536836071,363.4296989490368,114.29468600697994,251.0438674051313,15.4
32,0.008413007862057923,0.09412270066223519,2.2120887017923523,0.0058991941146266345,1.4694258566841316,0.3590457218853668,0.10522071270777188,0.5812155219567835,-0.0001534761625535344,0.18618599892017845,3.091967242493549,0.04814105070550581,2.5842800208976087,0.876481526793448,0.2274993001860091,1.5613033644890655,-0.004997000000000015,0.21509069999999997,3.105721,0.08264380000000005,2.7104886999999995,0.9996824999999996,0.2599952,1.8518270999999995,-8.342237061769641e-06,0.0003590829716193656,0.00518484307178631,0.00013796961602671127,0.00452502287145242,0.0016689190317195318,0.0004340487479131886,0.0030915310517529208,1.6237096073901711,93.1913943505184,1677.6517768558897,20.394937205127647,1326.2419353458695,421.9019138444527,111.91386501595812,739.8385366369826,15.4
33,0.002870161455913117,0.030267858912070143,1.0785861554437737,0.07576756124950687,0.8827435360111631,0.3746967409114614,0.12694513918999437,0.15362542665872853,0.0008380534489824392,0.08048692557887563,2.0612263982306795,0.12156235604199976,1.8252395031174276,0.8010961348836594,0.25232641941213013,0.5718287060616887,-0.005391199999999999,0.09615450000000009,2.3186638999999998,0.13234850000000042,2.0226071999999995,0.9134227000000004,0.2927698,0.7284095000000002,-9.000333889816359e-06,0.0001605250417362272,0.0038708913188647744,0.0002209490818030057,0.003376639732888146,0.0015249126878130223,0.0004887642737896494,0.0012160425709515862,0.9119492707756001,38.20026476396431,1039.048458431027,63.71228041670128,905.6332048492042,394.921090785756,126.1732107028509,259.09236300642135,15.4
34,0.006638084498051967,0.028600377304013165,0.7950757120969062,0.056260902539388855,0.6219976517136881,0.3409089405457696,0.04338179663293444,0.19129151063630548,0.006485133616138098,0.07174631135692805,2.0205587426960223,0.29192497651425026,1.712907609224472,0.8892359174129058,0.11943077266629423,0.6643619951680444,-0.0010189000000000031,0.08438559999999995,2.3314186,0.3787675000000006,1.9406209999999995,1.0166449000000006,0.1421117,0.8301194999999999,-1.701001669449087e-06,0.0001408774624373956,0.003892184641068448,0.0006323330550918207,0.0032397679465776285,0.0016972368948247089,0.00023724824707846412,0.0013858422370617695,3.922179796065634,34.37640720357387,966.0729301977908,127.83278736357789,808.5922635325256,423.3678326243161,56.377612543104604,303.588040444479,15.4
35,-0.005229890715704246,-0.00039800300454932063,0.07938169161470504,0.018256045494396092,0.06976873686105273,-0.03411604452200104,0.0021561668834932345,-0.007615839455815598,-0.019366392356487593,0.004955741910403772,0.20400937835069538,0.04888174973026616,0.24732525637534444,-0.0174758077543216,0.0064533306470742876,0.02698714596524694,-0.027909500000000004,0.00871129999999995,0.2600617000000002,0.05690400000000029,0.32919460000000034,0.008810000000000207,0.009039799999999987,0.05503010000000019,-4.6593489148580974e-05,1.4543071786310433e-05,0.0004341597662771288,9.499833055091868e-05,0.0005495736227045081,1.4707846410684818e-05,1.5091485809682782e-05,9.186994991652787e-05,-8.778580335735889,1.8983405132516453,97.35005881321916,23.175456990985687,112.71925262234835,-13.817937006128844,3.0080457355283663,9.244175444935646,15.4
36,-0.0017757666103387852,-0.022833002053796153,-0.0034635828153224755,-0.0105814246845762,0.16549639540650485,0.376381892298315,0.01190370946712774,0.05833773046099749,0.015992766123407335,0.007485798416343634,0.4316299684159847,0.019898203735734987,0.693863997916492,0.9768545765075118,0.04148078647263028,0.3120375662442387,0.018047300000000016,0.02278150000000001,0.6202880000000002,0.06755529999999976,0.9149994000000001,1.1949835000000004,0.0541426,0.3994118000000001,3.01290484140234e-05,3.8032554257095174e-05,0.0010355392320534227,0.00011278013355592615,0.0015275449081803007,0.001994964106844742,9.038831385642738e-05,0.0006667976627712857,6.032929477295181,-1.5836717942217806,171.6491268033293,5.809218907378757,310.18737854789777,465.420717312668,18.945985182477663,136.28286668989506,16.1
37,0.02037245147841348,0.034296813540207305,0.5473777930125789,0.015915361879925503,0.23493943740827514,0.44803240086751905,0.014067244052597471,0.22894073764574238,0.02066268232989386,0.07450731374229128,1.2955429384102488,0.0579294181669726,0.7942657824120011,1.0367619329687003,0.0402450872043946,0.4983227740234568,0.012492200000000009,0.08514179999999996,1.5382139000000001,0.0768578000000002,0.9808460999999995,1.1615516000000004,0.050230300000000006,0.5781119000000003,2.0855091819699514e-05,0.00014213989983305502,0.0025679697829716196,0.00012831018363939934,0.0016374726210350576,0.001939151252086812,8.38569282136895e-05,0.0009651283806343912,12.333317127640244,36.61971730495797,626.9236270166155,26.316410742774156,364.2037773964552,503.7304775609841,18.88636854227734,244.82820118853118,15.9
38,-0.0026030140647211597,0.004131904722881413,0.11616879597711792,-0.002929510002522714,0.1397345845765875,0.035387796878191546,0.004949309807992252,0.0017885383057382176,-0.014103324792717344,0.01256397187241733,0.3339098930501795,0.003859207473229229,0.4896953279227432,0.09074515440198104,0.01659204634705479,0.06781505780549552,-0.021499199999999996,0.016568100000000002,0.42199569999999986,0.00982890000000003,0.6402100000000002,0.13021160000000043,0.021301700000000007,0.11078330000000025,-3.589181969949916e-05,2.765959933222037e-05,0.0007045003338898161,1.6408848080133605e-05,0.0010687979966611022,0.00021738163606010088,3.556210350584308e-05,0.00018494707846410726,-6.151183130031172,5.843685643543217,156.5867185654954,0.9528665387871489,223.50494308441472,43.310515336430726,7.616029650420372,27.428339133345826,15.1
39,0.002449378302499267,0.02909258370480715,0.8822890220741987,0.06643311708641306,0.7194011873283792,0.32789008922290075,0.11302672917978797,0.17134858444395756,-0.0005109587304023695,0.0785953508877483,1.774478047299293,0.11203038051586967,1.6039782102948286,0.7457020287611413,0.229559727052556,0.5427887301658493,-0.006640099999999996,0.09441219999999995,2.0591615,0.12432769999999982,1.8299358000000006,0.8582607999999996,0.2691013,0.6826831000000004,-1.1085308848080126e-05,0.00015761636060100158,0.0034376652754590986,0.00020755876460767917,0.0030549846410684485,0.0014328227045075118,0.000449250918196995,0.0011397046744574299,0.2888122183389046,37.20945099606073,885.2194425845566,58.0366117736305,784.5565536836071,363.4296989490368,114.29468600697994,251.0438674051313,15.4
40,0.006274592757407208,0.025166731143402763,0.06070676164753464,0.014214031631344042,0.05537806671418081,0.25032484126401644,0.004867849067520556,0.06973168827569264,0.006960091128256459,0.05794262361048616,0.1617134702481617,0.039875496282272035,0.22692633216991148,0.6859155626221772,0.014663459497540976,0.1739048213068577,0.002761300000000022,0.06909989999999999,0.2068064999999999,0.052235800000000054,0.3012191999999996,0.8866953,0.018605999999999998,0.19704339999999987,4.609849749582674e-06,0.00011535876460767945,0.000345252921535893,8.72050083472455e-05,0.000502870116861435,0.00148029265442404,3.106176961602671e-05,0.00032895392320534203,4.037574352784024,28.17584572287501,76.72333717877162,18.766886939177613,101.69553661080079,323.9878456516741,6.829650612520501,83.40974447788166,15.0
41,0.0023172482433308204,0.013882480580193717,0.06435062357561167,0.00548071448983555,0.0462315004728675,0.12815140086105373,0.004090868471848592,0.06547435878867765,-7.208237164007453e-05,0.04208605196552145,0.1705635332114918,0.013744130366663767,0.1626127282213821,0.45328802009504776,0.012721635014122362,0.17872364622361364,-0.005588499999999996,0.05302470000000001,0.19944320000000015,0.01472719999999983,0.2082862000000003,0.6175931000000003,0.01630479999999998,0.2158795,-9.329716193656088e-06,8.852203672787982e-05,0.00033296026711185334,2.458631051752893e-05,0.0003477232053422376,0.001031040233722872,2.7220033388981603e-05,0.00036039983305509183,0.43741095001013425,19.58440455224732,80.99581639971908,6.586431444632614,74.18724828312635,206.63669166022999,5.898675300018659,84.47639049718101,20.0
42,0.00587511839350974,0.0028653776629203685,0.0036056610997485463,0.0002883993749589953,0.10417463199408114,0.30927179705318975,0.0069799655072404635,0.07404210582284097,0.014332438441687008,0.03946448424370003,0.1968650698147097,0.0248283147728808,0.42787055197105595,0.864463367376718,0.026534163456748496,0.2399734966290792,0.010256700000000007,0.04973750000000002,0.29004149999999995,0.04940880000000014,0.578112,1.085679,0.035963300000000004,0.2778126999999999,1.7123038397328894e-05,8.303422370617699e-05,0.0004842095158597662,8.248547579298855e-05,0.0009651285475792987,0.0018124858096828047,6.003889816360601e-05,0.00046379415692821355,6.902870705376749,16.33400048006408,79.32213939583362,9.964301384144116,191.69409118723857,407.096866861325,11.991676834147494,110.65891346619998,17.1
43,0.011245904672333386,0.02043026211529935,0.6965533206524319,-0.0012988713276406584,0.26007423658903117,0.5521465140361097,0.021463855703599686,0.12174893442035872,0.01701015480292314,0.04671850946168954,1.3767163340280029,0.015206494370708184,0.8953906229241801,1.1634000729468865,0.056031100468669465,0.30800677495365947,0.010782500000000028,0.054306800000000016,1.5359455000000002,0.026002800000000104,1.1428792,1.2996207999999996,0.07008589999999998,0.3558218000000004,1.800083472454095e-05,9.066243739565945e-05,0.0025641828046744576,4.341035058430735e-05,0.001907978631051753,0.002169650751252086,0.00011700484140233719,0.0005940263772954931,9.047851605635934,22.746302807735695,689.2292249916875,5.80982208275514,409.5996568874782,575.1395215859768,26.670168378187718,147.37458596553566,15.9
44,0.004461435699066014,0.019148634346579124,0.4639441531994214,0.01063960170922882,0.5333518807342856,0.18501458765519935,0.030566390540904563,0.20130069226836703,0.0043038379043144,0.05952489092109352,1.6872055662719203,0.04629187736441159,1.6648634002843723,0.6562046793694057,0.1051348783580912,0.6536084563345501,-0.0013802000000000259,0.07514850000000001,2.0736894,0.08392549999999965,1.9229678999999997,0.8264387999999996,0.13277529999999999,0.8236431999999998,-2.3041736227045507e-06,0.00012545659432387313,0.0034619188647746248,0.0001401093489148575,0.0032102969949916525,0.0013796974958263765,0.0002216616026711185,0.0013750303839732885,2.6145124015389634,27.60210898775324,766.6342124486521,20.60270853761041,771.6542523106062,299.0715698788022,48.1008418014174,301.2916993874935,14.8
45,0.0022745365413852775,-0.0002781023286973791,0.11646653697085574,0.009322170708789893,0.19894568298852747,0.19053639920453982,0.008042386146874823,0.03148692666168473,0.005323489199033827,0.02757660113215185,0.3759624816486432,0.02780750258267592,0.5802271012515682,0.5320676681339639,0.02660924654568294,0.15373281665082725,0.002531600000000009,0.03698290000000001,0.47768330000000014,0.03579920000000003,0.7163777999999998,0.7011904999999998,0.0349116,0.19802920000000013,4.2263772954925024e-06,6.174106844741237e-05,0.0007974679465776296,5.976494156928219e-05,0.0011959562604340565,0.0011706018363939897,5.828313856427379e-05,0.0003305996661101838,2.5830371878905845,10.956528537121272,173.43945840362838,12.969535574828333,271.52178819833273,250.58375184449324,12.234720047648143,67.69149739266788,17.0
46,0.006274592757407208,0.025166731143402763,0.06070676164753464,0.014214031631344042,0.05537806671418081,0.25032484126401644,0.004867849067520556,0.06973168827569264,0.006960091128256459,0.05794262361048616,0.1617134702481617,0.039875496282272035,0.22692633216991148,0.6859155626221772,0.014663459497540976,0.1739048213068577,0.002761300000000022,0.06909989999999999,0.2068064999999999,0.052235800000000054,0.3012191999999996,0.8866953,0.018605999999999998,0.19704339999999987,4.609849749582674e-06,0.00011535876460767945,0.000345252921535893,8.72050083472455e-05,0.000502870116861435,0.00148029265442404,3.106176961602671e-05,0.00032895392320534203,4.037574352784024,28.17584572287501,76.72333717877162,18.766886939177613,101.69553661080079,323.9878456516741,6.829650612520501,83.40974447788166,15.0
47,0.006357264891628756,0.018956667544217855,0.04120487660215885,-0.0072428701326582535,0.05676836115260204,0.22074521180689388,0.004505504597419525,0.06502283992005027,0.005046768912196294,0.04623631329646219,0.10658757691589235,0.0004370113731386066,0.18854385821271605,0.630681436748488,0.015140887819044007,0.15549980829098298,0.0008544999999999942,0.056443400000000005,0.1387258,0.010979299999999803,0.25368420000000014,0.8282463000000002,0.020644800000000005,0.1871482000000002,1.426544240400658e-06,9.422938230383974e-05,0.00023159565943238732,1.8329382303839404e-05,0.0004235128547579301,0.0013827150250417366,3.446544240400669e-05,0.0003124343906510855,3.2897332932042698,22.257637127428435,50.806643186788705,-1.279259127276208,86.64437341560685,296.0074939107739,6.9471336471015075,75.11091720040324,15.0
48,-0.00010033163344728306,-0.016992701335872003,-0.04154258004206916,0.006522983573631918,0.13713046186922756,0.38977063932387745,0.008927529376615376,0.04149520257892802,0.020266242015770385,0.003913352666725156,0.16011078068501558,0.03663689507117768,0.5641574310425412,0.9174509920956336,0.029879271805679588,0.2482099744329549,0.016502399999999987,0.012656400000000012,0.2763332999999999,0.06400470000000036,0.7533603000000009,1.109644,0.0398095,0.27192850000000013,2.7549916527545888e-05,2.1129215358931572e-05,0.00046132437395659414,0.00010685258764607739,0.0012576966611018378,0.0018524941569282138,6.645993322203672e-05,0.00045397078464106864,8.078179279618704,-1.8395274004843374,55.597629615592425,15.927352393197447,252.71238464086184,444.37970270302924,13.717309847594906,107.44706603896758,16.1
49,0.00587511839350974,0.0028653776629203685,0.0036056610997485463,0.0002883993749589953,0.10417463199408114,0.30927179705318975,0.0069799655072404635,0.07404210582284097,0.014332438441687008,0.03946448424370003,0.1968650698147097,0.0248283147728808,0.42787055197105595,0.864463367376718,0.026534163456748496,0.2399734966290792,0.010256700000000007,0.04973750000000002,0.29004149999999995,0.04940880000000014,0.578112,1.085679,0.035963300000000004,0.2778126999999999,1.7123038397328894e-05,8.303422370617699e-05,0.0004842095158597662,8.248547579298855e-05,0.0009651285475792987,0.0018124858096828047,6.003889816360601e-05,0.00046379415692821355,6.902870705376749,16.33400048006408,79.32213939583362,9.964301384144116,191.69409118723857,407.096866861325,11.991676834147494,110.65891346619998,17.1
50,0.008413007862057923,0.09412270066223519,2.2120887017923523,0.0058991941146266345,1.4694258566841316,0.3590457218853668,0.10522071270777188,0.5812155219567835,-0.0001534761625535344,0.18618599892017845,3.091967242493549,0.04814105070550581,2.5842800208976087,0.876481526793448,0.2274993001860091,1.5613033644890655,-0.004997000000000015,0.21509069999999997,3.105721,0.08264380000000005,2.7104886999999995,0.9996824999999996,0.2599952,1.8518270999999995,-8.342237061769641e-06,0.0003590829716193656,0.00518484307178631,0.00013796961602671127,0.00452502287145242,0.0016689190317195318,0.0004340487479131886,0.0030915310517529208,1.6237096073901711,93.1913943505184,1677.6517768558897,20.394937205127647,1326.2419353458695,421.9019138444527,111.91386501595812,739.8385366369826,15.4
51,0.002107769848247407,-0.002542952475062819,0.05045005581121675,0.0075593290150236326,0.2264475231083743,0.4040792818446866,0.01383559533389324,0.08065838220308906,0.012935816807685257,0.019152339813844513,0.4456815189540766,0.031855287206239806,0.862137148220472,0.936024297164519,0.04281307839452685,0.29727583408534686,0.008809799999999993,0.02547669999999999,0.6134831999999998,0.05401100000000003,1.0739424,1.1111231999999998,0.053057799999999974,0.34868770000000016,1.4707512520868102e-05,4.2532053422370604e-05,0.0010241789649415689,9.016861435726216e-05,0.0017928921535893155,0.0018549636060100163,8.857729549248744e-05,0.0005821163606010019,5.591475792723585,7.139607080525245,188.05587714387408,14.226975185500638,389.607392709864,454.6700136347445,19.865821524589393,134.86766622475648,16.1
52,0.0034465909109913594,0.010210885712912543,-0.016933574112355007,0.015689836251347195,0.035192252994539534,0.2809393998057917,0.006310645546464397,0.04790114683516076,0.007820833760025913,0.01634642774116083,0.01477361763048078,0.04172450087452319,0.2156387166425024,0.8047894333226172,0.022419246464715964,0.18103306755344373,0.011933199999999991,0.011078400000000016,0.03662120000000013,0.047436500000000326,0.32005550000000005,1.0298595000000004,0.0310323,0.24579439999999975,1.9921869782971603e-05,1.8494824707846437e-05,6.113722871452443e-05,7.919282136894879e-05,0.0005343163606010017,0.0017192979966611024,5.180684474123539e-05,0.0004103412353923201,3.8116850862086387,8.575209039046836,2.5044216297213078,19.804049350078714,93.13390950590889,377.5887235402052,10.21431154517927,81.87055918840962,15.1
53,0.005134859821321482,0.03328644911219077,0.7007759276539091,0.013894251114426987,0.7040736455849387,0.26286024346316383,0.038548720073985715,0.18955615024668251,0.002572213345544781,0.07720999026626171,1.9563366727523113,0.08028635569566368,1.8045436563798296,0.7578399267540612,0.11336537473695857,0.6353309524569986,-0.003451799999999977,0.09198009999999998,2.3141591,0.13928490000000027,2.0344747000000005,0.9108907999999998,0.14135549999999997,0.8131896999999995,-5.7626043405675745e-06,0.00015355609348914856,0.0038633707846410683,0.00023252904841402383,0.003396451919866445,0.0015206858096828042,0.0002359858096828046,0.0013575787979966602,2.057583202482208,37.49529587894284,921.5327750817066,34.82375005115087,861.6149543189194,355.25257399425686,52.985216159580574,291.63701618213605,15.0
54,0.006360506022726614,0.03443879517887691,0.884567889668798,0.01998642724367103,0.7024461372537613,0.3164702844520615,0.04115603610230444,0.20435559423495037,0.005608025184971074,0.07699618192881695,2.0587157398109515,0.0899310671921671,1.7895753367044345,0.8548558833146005,0.11495422515923151,0.6712921259900715,-0.001183400000000015,0.09013890000000002,2.3347053,0.13343310000000042,1.9942047999999994,1.0024763999999995,0.13941579999999998,0.8368254999999998,-1.975626043405701e-06,0.00015048230383973293,0.0038976716193656093,0.00022275976627712923,0.0033292233722871443,0.001673583305509181,0.00023274757929883134,0.0013970375626043401,3.5159029785337497,37.64116235730218,999.23252120814,39.902995775601056,855.3222597325256,404.7351720162526,54.14318938415349,308.9695564930187,15.4
55,-0.002117678185843574,-0.0224541067540008,-0.04139597611329381,0.010692210741064315,0.14605703205416873,0.12987222279565885,0.004022298481482778,0.0031852156830637145,0.004704193248608337,-0.004172203597911897,0.15239278890686436,0.031314939249217626,0.48838861745965806,0.44489257839145296,0.018290418998252744,0.10870635094912347,-0.0007558000000000009,-0.0046022000000000285,0.21670129999999999,0.03957949999999988,0.6239378,0.6015838000000002,0.025641100000000014,0.12179620000000013,-1.2617696160267127e-06,-7.683138564273837e-06,0.0003617717863105175,6.607595993322184e-05,0.001041632387312187,0.001004313522537563,4.280651085141906e-05,0.00020333255425709538,1.4585195622746185,-6.157401689964922,52.56956969008699,14.644628097899915,224.25488449469705,203.63068401571292,8.107806745597657,44.058685416262136,16.7
56,-0.004334183202122681,0.00300508075540839,0.06729907578633952,0.008814168321863046,0.07869867424528575,0.012127101542615891,0.0007874209339045851,0.0007324022015700072,-0.016680245925745303,0.010331560765449688,0.23566886249683333,0.02451044587646856,0.3607456342960418,0.04258453738748365,0.009586794848863236,0.09553891048957336,-0.02347150000000002,0.014201199999999997,0.34056839999999966,0.028764299999999743,0.49799949999999993,0.06725910000000024,0.015351699999999989,0.1615068999999998,-3.918447412353927e-05,2.370818030050083e-05,0.000568561602671118,4.802053422370575e-05,0.0008313848080133555,0.0001122856427378969,2.5628881469115174e-05,0.0002696275459098494,-7.527199260722657,4.726539857261555,107.55707595600123,11.552629864960034,159.78898881747384,19.42560571351665,3.984526276326211,38.281291186143335,15.7
57,0.0042987334030921386,0.006101085268058249,0.22313913250953513,0.012488289356997872,0.2695969380554785,0.21403175422540144,0.009606815940708162,0.06438820399504833,0.010401205520052765,0.040689867892366595,0.5390800000851257,0.0266090389623281,0.6598868173446122,0.6017060176802428,0.03280633658732537,0.24605805242183923,0.007494999999999974,0.05315619999999999,0.6428724000000003,0.02235389999999926,0.7807775999999989,0.8051362000000002,0.04421460000000001,0.30884549999999966,1.2512520868113479e-05,8.874156928213688e-05,0.0010732427378964946,3.7318697829714956e-05,0.001303468447412352,0.001344133889816361,7.381402337228716e-05,0.0005156018363939894,5.016481388639537,17.469586110558293,259.9383903359573,13.130096506330812,317.48372574894046,283.08618981717746,15.021790523071799,111.1464390177454,20.0
58,0.00703656696449621,0.01960413937114672,0.11629059240847116,0.03955317927537861,0.1499181309707062,0.33944953475795325,0.031806693304926505,0.10474753485025248,0.005265550732466135,0.056828585275506036,0.3870698080902534,0.07938365698240546,0.5538982891690656,0.8753006038703197,0.09634655082359668,0.29393551144200797,-0.0026298000000000155,0.06919850000000005,0.5273553,0.0958584999999994,0.7386334000000003,1.0683553000000006,0.12570759999999997,0.36016099999999995,-4.390317195325568e-06,0.00011552337228714532,0.0008803928213689482,0.00016003088480801236,0.0012331108514190322,0.001783564774624375,0.00020986243739565938,0.000601270450751252,3.5148485858856935,26.61766273443176,177.8223640677956,39.6161693980379,251.17362516176755,417.4759708497189,44.83710519042399,138.34363104685366,15.4
59,0.011102991907660351,0.049492978148280804,1.6064108631753402,0.011570830717980285,1.288565445296722,0.40743445330680217,0.10382474303414091,0.5716351497561755,0.023469275879453223,0.13911835868162792,3.0279138846668907,0.06186662502470689,2.3674645794242792,0.938157447873067,0.22583568068925458,1.5177310911949862,0.018704799999999994,0.16821319999999992,3.0991139000000008,0.10384710000000008,2.497731199999999,1.0530683999999995,0.2577271,1.7658957000000004,3.122671118530884e-05,0.0002808233722871451,0.005173812854757931,0.00017336744574290497,0.004169835058430716,0.0017580440734557587,0.00043026227045075125,0.0029480729549248757,11.598956333313364,65.46183250230736,1530.8981695518246,27.008892603478813,1203.450055229056,456.22333561058684,110.97035733252997,720.5365185792298,18.3
60,0.011409708378200354,0.03161079002241296,0.13575116456233527,0.015424229944204854,0.1414418360988188,0.27210735387531815,0.007899058278320352,0.09423981150273386,0.008019910761239096,0.06262219453136673,0.2938048031675532,0.045289062691306885,0.4276166561673721,0.7742434065664833,0.023914550614943627,0.18392239077761072,0.0020710999999999924,0.07314320000000005,0.3757426999999999,0.05789000000000022,0.5587169999999999,0.9695039000000003,0.0317229,0.2054260000000001,3.457595993322191e-06,0.00012210884808013363,0.0006272833055091817,9.664440734557633e-05,0.0009327495826377294,0.001618537395659433,5.295976627712855e-05,0.0003429482470784643,5.488870430135712,31.3344642170293,144.48428282948828,21.171526065363732,199.0556711867128,363.6340814516571,11.129770451641527,92.31420561159109,16.9
61,0.0019544085843539445,0.005320926987256757,1.6962844440224019,0.017153762937085582,1.7191743226397482,0.45804462321293976,0.1075518030001571,0.4002805667789959,0.02097618382605174,0.07958446083079464,3.0401722160805575,0.072105210560871,2.701112301811506,1.0101450710174653,0.21171540011023077,1.3774325858807515,0.019691100000000017,0.1057863,3.248753399999999,0.11252600000000013,2.8420794,1.1480401999999994,0.2430654,1.6678992000000001,3.287328881469118e-05,0.00017660484140233723,0.005423628380634389,0.00018785642737896514,0.004744706844741235,0.0019165946577629372,0.0004057853088480801,0.002784472787979967,8.771509697291489,32.84507657976922,1553.701398536704,32.216573811765514,1422.8587455525526,495.092932949574,106.07498794412376,630.1951981080994,15.6
62,-0.002117678185843574,-0.0224541067540008,-0.04139597611329381,0.010692210741064315,0.14605703205416873,0.12987222279565885,0.004022298481482778,0.0031852156830637145,0.004704193248608337,-0.004172203597911897,0.15239278890686436,0.031314939249217626,0.48838861745965806,0.44489257839145296,0.018290418998252744,0.10870635094912347,-0.0007558000000000009,-0.0046022000000000285,0.21670129999999999,0.03957949999999988,0.6239378,0.6015838000000002,0.025641100000000014,0.12179620000000013,-1.2617696160267127e-06,-7.683138564273837e-06,0.0003617717863105175,6.607595993322184e-05,0.001041632387312187,0.001004313522537563,4.280651085141906e-05,0.00020333255425709538,1.4585195622746185,-6.157401689964922,52.56956969008699,14.644628097899915,224.25488449469705,203.63068401571292,8.107806745597657,44.058685416262136,16.7
63,-0.00010033163344728306,-0.016992701335872003,-0.04154258004206916,0.006522983573631918,0.13713046186922756,0.38977063932387745,0.008927529376615376,0.04149520257892802,0.020266242015770385,0.003913352666725156,0.16011078068501558,0.03663689507117768,0.5641574310425412,0.9174509920956336,0.029879271805679588,0.2482099744329549,0.016502399999999987,0.012656400000000012,0.2763332999999999,0.06400470000000036,0.7533603000000009,1.109644,0.0398095,0.27192850000000013,2.7549916527545888e-05,2.1129215358931572e-05,0.00046132437395659414,0.00010685258764607739,0.0012576966611018378,0.0018524941569282138,6.645993322203672e-05,0.00045397078464106864,8.078179279618704,-1.8395274004843374,55.597629615592425,15.927352393197447,252.71238464086184,444.37970270302924,13.717309847594906,107.44706603896758,16.1
64,6.88170260908666e-05,-0.002447077227384081,0.019975136725642724,-0.006278025907916402,0.044724808810851634,0.038397052832402974,0.0016163995716359158,0.02312363352617076,-0.008354763632372442,0.0015817372448787654,0.10478838380385114,-0.007978438457082895,0.1701194710634078,0.068187929656155,0.005339407276859579,0.06494132974503714,-0.015253499999999975,0.00440500000000002,0.147667,-0.008974600000000166,0.2292261,0.09201279999999978,0.00792290000000001,0.08629249999999966,-2.5464941569282095e-05,7.35392320534227e-06,0.00024652253756260434,-1.4982637729549526e-05,0.0003826813021702838,0.00015361068447412317,1.3226878130217047e-05,0.00014406093489148524,-3.320515297730804,0.14107695247469035,45.83654736666898,-4.442493264416438,76.87813713753347,34.908576028942605,2.4550813750710154,30.55811235324901,15.1
65,-0.004334183202122681,0.00300508075540839,0.06729907578633952,0.008814168321863046,0.07869867424528575,0.012127101542615891,0.0007874209339045851,0.0007324022015700072,-0.016680245925745303,0.010331560765449688,0.23566886249683333,0.02451044587646856,0.3607456342960418,0.04258453738748365,0.009586794848863236,0.09553891048957336,-0.02347150000000002,0.014201199999999997,0.34056839999999966,0.028764299999999743,0.49799949999999993,0.06725910000000024,0.015351699999999989,0.1615068999999998,-3.918447412353927e-05,2.370818030050083e-05,0.000568561602671118,4.802053422370575e-05,0.0008313848080133555,0.0001122856427378969,2.5628881469115174e-05,0.0002696275459098494,-7.527199260722657,4.726539857261555,107.55707595600123,11.552629864960034,159.78898881747384,19.42560571351665,3.984526276326211,38.281291186143335,15.7
66,0.005410337484939218,0.027278070520009908,0.15818768482320256,0.03939691799510055,0.16644286235296624,0.3241105925091333,0.027931999645245013,0.08801906086841982,0.0015332601099500604,0.06601366167904384,0.49090681378406287,0.08304964831772278,0.6705390248187568,0.8501682703334389,0.09630906258747735,0.29164534067127645,-0.005292599999999981,0.07860059999999996,0.6630564000000001,0.10006680000000046,0.8879114999999995,1.0382433000000002,0.1280749,0.36841229999999925,-8.835726210350551e-06,0.0001312196994991652,0.0011069388981636062,0.0001670564273789657,0.001482323038397328,0.0017332943238731221,0.00021381452420701167,0.0006150455759599319,1.6980178409678675,31.821778475619517,227.66873427826576,41.0492095261092,301.060226648096,404.3703049852022,44.045987514039965,134.07774229219456,15.4
67,0.011230378613969744,0.03455034995619219,0.689644812132056,0.023702406464940737,0.6503499354463489,0.42195925307155313,0.04185714372624003,0.2217822633136511,0.01020315588803909,0.0774939499856697,1.706883957379149,0.09583381885021595,1.5799929498708778,0.9430587710209634,0.10263348793384602,0.6454089571179822,0.002761500000000014,0.08859349999999999,2.0282582,0.12814060000000005,1.7958126,1.0565863999999996,0.12462289999999995,0.7857403000000003,4.610183639399022e-06,0.0001479023372287145,0.003386073789649415,0.00021392420701168622,0.0029980176961602674,0.0017639171953255418,0.00020805158597662763,0.0013117534223706182,6.325957328009584,37.86335323550632,819.6684162780712,43.00993853307454,761.1692607376202,461.087065822696,49.36251246878639,302.12716535992286,15.4
68,0.0025187975742971026,0.016595833068145063,0.41181879666991833,0.024062814495544985,0.4534677410767622,0.21936458689533045,0.0250977068834372,0.11068803024815138,0.0012229462475306584,0.05266272558745833,1.4596319246576934,0.17725449700783244,1.45117161752009,0.7080123056213868,0.08423414905057243,0.44497394406054464,-0.004569200000000009,0.06512209999999999,1.8157307999999996,0.2915215,1.7071525999999997,0.8693057000000008,0.10752899999999999,0.5891243000000002,-7.628046744574306e-06,0.00010871803005008346,0.003031270116861435,0.0004866803005008347,0.002850004340567612,0.00145126160267112,0.0001795141903171953,0.0009835130217028384,0.995222613871684,24.351695798612347,665.3086637970614,75.56860095224198,670.308618923388,326.643186777621,38.659436496916435,199.83262152384816,15.0
69,0.0019544085843539445,0.005320926987256757,1.6962844440224019,0.017153762937085582,1.7191743226397482,0.45804462321293976,0.1075518030001571,0.4002805667789959,0.02097618382605174,0.07958446083079464,3.0401722160805575,0.072105210560871,2.701112301811506,1.0101450710174653,0.21171540011023077,1.3774325858807515,0.019691100000000017,0.1057863,3.248753399999999,0.11252600000000013,2.8420794,1.1480401999999994,0.2430654,1.6678992000000001,3.287328881469118e-05,0.00017660484140233723,0.005423628380634389,0.00018785642737896514,0.004744706844741235,0.0019165946577629372,0.0004057853088480801,0.002784472787979967,8.771509697291489,32.84507657976922,1553.701398536704,32.216573811765514,1422.8587455525526,495.092932949574,106.07498794412376,630.1951981080994,15.6
70,-0.003203867369700717,0.00015139447656336416,0.05509925904090035,0.016713398759751374,0.06749653894441425,0.008109789848147602,0.0016593211880098057,-0.006389153539893972,-0.01514311403195137,0.005258003762415115,0.16498711462340507,0.05634081838261598,0.20462112559543658,0.054352433706401956,0.0045851761087458585,0.030586734286524808,-0.0228796,0.009368700000000008,0.215847,0.0736696999999995,0.2642693999999999,0.09109229999999968,0.0068050000000000055,0.05775829999999993,-3.819632721202003e-05,1.5640567612687825e-05,0.00036034557595993326,0.000122987813021702,0.00044118430717863085,0.00015207395659432333,1.1360601001669458e-05,9.642454090150239e-05,-6.68657928672069,2.1287960502787184,76.90677415754202,25.842172254996683,95.21562332705753,23.317385302190296,2.162532181100304,10.927983856631123,14.8
71,0.0019544085843539445,0.005320926987256757,1.6962844440224019,0.017153762937085582,1.7191743226397482,0.45804462321293976,0.1075518030001571,0.4002805667789959,0.02097618382605174,0.07958446083079464,3.0401722160805575,0.072105210560871,2.701112301811506,1.0101450710174653,0.21171540011023077,1.3774325858807515,0.019691100000000017,0.1057863,3.248753399999999,0.11252600000000013,2.8420794,1.1480401999999994,0.2430654,1.6678992000000001,3.287328881469118e-05,0.00017660484140233723,0.005423628380634389,0.00018785642737896514,0.004744706844741235,0.0019165946577629372,0.0004057853088480801,0.002784472787979967,8.771509697291489,32.84507657976922,1553.701398536704,32.216573811765514,1422.8587455525526,495.092932949574,106.07498794412376,630.1951981080994,15.6
72,-0.005229890715704246,-0.00039800300454932063,0.07938169161470504,0.018256045494396092,0.06976873686105273,-0.03411604452200104,0.0021561668834932345,-0.007615839455815598,-0.019366392356487593,0.004955741910403772,0.20400937835069538,0.04888174973026616,0.24732525637534444,-0.0174758077543216,0.0064533306470742876,0.02698714596524694,-0.027909500000000004,0.00871129999999995,0.2600617000000002,0.05690400000000029,0.32919460000000034,0.008810000000000207,0.009039799999999987,0.05503010000000019,-4.6593489148580974e-05,1.4543071786310433e-05,0.0004341597662771288,9.499833055091868e-05,0.0005495736227045081,1.4707846410684818e-05,1.5091485809682782e-05,9.186994991652787e-05,-8.778580335735889,1.8983405132516453,97.35005881321916,23.175456990985687,112.71925262234835,-13.817937006128844,3.0080457355283663,9.244175444935646,15.4
73,0.009144960997811443,0.0508756761501696,1.3953782788560105,0.0136191876721464,1.0882296598953929,0.3512701338427762,0.0853389370365056,0.46186911804372904,0.010409569531378081,0.13245113082550047,2.913881251218636,0.05074279806640017,2.2246027093015086,0.930273038230994,0.2017245560836167,1.2977466953136136,0.0039776000000000256,0.15950149999999996,3.0443133999999996,0.07975109999999996,2.3689652,1.0713460000000004,0.23320339999999998,1.5469254000000001,6.640400667779675e-06,0.00026627963272120195,0.005082326210350584,0.00013314040066777957,0.0039548667779632715,0.0017885575959933227,0.00038932120200333884,0.0025825131886477466,5.990831212113523,63.07583681023408,1443.1059995586572,22.981081210989352,1106.3025330996823,441.8275690609531,97.64100814074774,610.699039034191,18.4
74,-0.003124876619351499,-0.007514560666599762,0.11782097113467913,0.00815599720946427,0.04277525822325066,0.025091879795193974,0.0012284566814247577,-0.0020898539416967146,-0.014246811472404775,0.00045107182045718694,0.33072367763926463,0.01816055872266188,0.16986966873256848,0.07107670352225393,0.005804910703406071,0.028378886718875826,-0.022551199999999993,0.00529240000000003,0.3946120000000002,0.02103900000000003,0.23484819999999984,0.10581979999999969,0.008974300000000004,0.04668019999999995,-3.7648080133555915e-05,8.835392320534274e-06,0.0006587846410684477,3.5123539232053475e-05,0.0003920671118530882,0.0001766607679465771,1.4982136894824715e-05,7.793021702838054e-05,-6.3124243128322055,-1.325129605137076,155.65635928264172,8.8849034309576,76.38549503767754,33.39614746794036,2.5631684676473796,10.910243799210985,15.3
75,0.005493074428378309,0.0254254121453836,0.2519471694170126,0.008617378652919826,0.03547518780454592,0.1931047758530607,0.0022679003117085554,0.0695028008142204,0.009378897650621444,0.061042097795457384,0.5743755504186995,0.019553498938541095,0.18507662498186986,0.693585452090052,0.014271957881636838,0.24112766124918678,0.005555300000000013,0.07324199999999997,0.6678894000000004,0.016732599999999653,0.25151490000000054,0.9182538,0.018605899999999995,0.29066639999999966,9.274290484140256e-06,0.00012227378964941565,0.0011150073455759605,2.7934223706176383e-05,0.00041989131886477555,0.0015329779632721203,3.106160267111852e-05,0.0004852527545909844,4.847396295924239,29.465300547259673,279.8057093508823,9.536509006000399,80.99993010365714,315.596009106633,6.153060264996446,110.20629146251878,19.7
76,0.0033919957584182593,0.02219171999782419,0.44395151482908185,0.01168748069658359,0.49991739681511105,0.2158361005528413,0.028906920731089056,0.18514153086772583,0.00407102335226374,0.06708300257599407,1.6203252192055628,0.06726615079834113,1.6340929221802034,0.7555899305478184,0.10532030951864907,0.6665053415960972,-0.001577999999999996,0.08198659999999994,1.9969628,0.11857429999999947,1.8941372000000003,0.9343297000000002,0.1328084,0.8474432000000001,-2.6343906510851355e-06,0.00013687245409015015,0.003333827712854758,0.00019795375626043316,0.0031621656093489153,0.0015598158597662775,0.0002217168614357262,0.0014147632721202004,2.307597492589147,31.230551729962464,735.9219092480411,29.184669308653156,752.6735796351039,344.93602747969567,47.84310375367741,303.206721211984,14.8
77,0.0019544085843539445,0.005320926987256757,1.6962844440224019,0.017153762937085582,1.7191743226397482,0.45804462321293976,0.1075518030001571,0.4002805667789959,0.02097618382605174,0.07958446083079464,3.0401722160805575,0.072105210560871,2.701112301811506,1.0101450710174653,0.21171540011023077,1.3774325858807515,0.019691100000000017,0.1057863,3.248753399999999,0.11252600000000013,2.8420794,1.1480401999999994,0.2430654,1.6678992000000001,3.287328881469118e-05,0.00017660484140233723,0.005423628380634389,0.00018785642737896514,0.004744706844741235,0.0019165946577629372,0.0004057853088480801,0.002784472787979967,8.771509697291489,32.84507657976922,1553.701398536704,32.216573811765514,1422.8587455525526,495.092932949574,106.07498794412376,630.1951981080994,15.6
78,0.002655173473386978,0.009935560283339856,-0.004518194000880265,-0.02779983318115453,0.027130818692075183,0.19542791817816518,0.004874501234302966,0.043486080166603804,0.003258172309624044,0.042607306767791286,0.03439723328676602,0.06822779609917537,0.11201910247112849,0.6407620844902147,0.012737419052812993,0.14622973474642392,-0.0032545000000000074,0.05440570000000003,0.049836299999999834,0.1837953000000001,0.15138240000000058,0.8596734000000001,0.016403999999999988,0.17025129999999988,-5.4332220367278925e-06,9.08275459098498e-05,8.319916527545882e-05,0.00030683689482470804,0.0002527252086811362,0.0014351809682804676,2.7385642737896475e-05,0.00028422587646076777,1.8359308685270144,19.002831913784483,12.830336364530352,21.63925415343924,50.158113526866465,294.960580731719,6.0616658679857895,67.10398428189029,14.9
79,0.0037344648101450563,6.278099306879379e-05,0.03908449501518489,0.01246885361379405,0.13587878662545516,0.16440742351302629,0.005186298057315259,0.04013635016134508,0.008826579132968793,0.026961770287307823,0.2721946246427331,0.036807585781383254,0.487702238137074,0.5748417109115443,0.022294412500516125,0.16060383430800892,0.004569099999999993,0.03520750000000003,0.3650260999999999,0.04697630000000008,0.6228525,0.7712768999999997,0.03099959999999999,0.18520860000000006,7.627879799666098e-06,5.877712854757935e-05,0.0006093924874791318,7.842454090150264e-05,0.0010398205342237062,0.0012876075125208676,5.175225375626041e-05,0.00030919632721202015,4.275240065216533,10.779660563536886,116.51223581013025,17.19331688531211,221.94522632992067,262.43253061722305,9.939524811669497,72.17619945547258,16.8
